{"978-3-030-38141-7.pdf": 1685613943.533224, "Schulungsunterlagen Auftrag Einsteiger.pdf": 1681895901.1150832, "Schulungsunterlagen Auftrag Fortgeschritten.pdf": 1681908414.023093, "Schulungsunterlagen Auftrag Profi_.pdf": 1681910386.0541227, "Schulungsunterlagen CRM.pdf": 1691142424.855842, "Schulungsunterlagen Dashboard.pdf": 1738742079.7644186, "Schulungsunterlagen Formulareditor.pdf": 1699000880.0416322, "Schulungsunterlagen Lohn mit swissdec5.pdf": 1731594556.9740458, "Schulungsunterlagen Makroassistent.pdf": 1699001029.6361306, "Schulungsunterlagen Toolbox.pdf": 1657624852.2926564, "Schulungsunterrlagen Fibu.pdf": 1681913126.0804534, "SelectLine Auftrag Handbuch CH Aktuelle Version (1).pdf": 1747226445.764657, "SelectLine CRM Handbuch CH Aktuelle Version.pdf": 1747226511.4243312, "SelectLine Kassabuch Handbuch CH Aktuelle Version.pdf": 1747226524.2125773, "SelectLine Lohn Handbuch CH Aktuelle Version.pdf": 1747226446.830647, "SelectLine Mobile Handbuch CH Aktuelle Version.pdf": 1747226447.332913, "SelectLine Produktion Handbuch CH Aktuelle Version.pdf": 1747226449.7713907, "SelectLine Rechnungswesen Handbuch CH Aktuelle Version.pdf": 1747226472.0352838, "SelectLine System Handbuch CH Aktuelle Version.pdf": 1747226451.1322024}