{"Schulungsunterlagen Auftrag Einsteiger.pdf": 1748523164.944835, "Schulungsunterlagen Auftrag Fortgeschritten.pdf": 1748523164.967693, "Schulungsunterlagen Auftrag Profi_.pdf": 1748523164.9932234, "Schulungsunterlagen CRM.pdf": 1748523165.0152905, "Schulungsunterlagen Dashboard.pdf": 1748523165.0362632, "Schulungsunterlagen Formulareditor.pdf": 1748523165.0419872, "Schulungsunterlagen Lohn mit swissdec5.pdf": 1748523165.0629394, "Schulungsunterlagen Makroassistent.pdf": 1748523165.0689538, "Schulungsunterlagen Toolbox.pdf": 1748523165.0823576, "Schulungsunterrlagen Fibu.pdf": 1748523165.1047435, "SelectLine Auftrag Handbuch CH Aktuelle Version (1).pdf": 1748523165.4063528, "SelectLine CRM Handbuch CH Aktuelle Version.pdf": 1748523165.475474, "SelectLine Kassabuch Handbuch CH Aktuelle Version.pdf": 1748523165.8562315, "SelectLine Lohn Handbuch CH Aktuelle Version.pdf": 1748523165.973064, "SelectLine Mobile Handbuch CH Aktuelle Version.pdf": 1748523166.063117, "SelectLine Produktion Handbuch CH Aktuelle Version.pdf": 1748523166.3351748, "SelectLine Rechnungswesen Handbuch CH Aktuelle Version.pdf": 1748523166.492994, "SelectLine System Handbuch CH Aktuelle Version.pdf": 1748523166.6174672}